{"cameraMode":{"drawMode":0,"name":"Shaded","section":"Shading Mode"},"sceneLighting":true,"audioPlay":false,"sceneViewState":{"m_AlwaysRefresh":false,"showFog":true,"showSkybox":true,"showFlares":true,"showImageEffects":true,"showParticleSystems":true,"showVisualEffectGraphs":true,"m_FxEnabled":true},"in2DMode":false,"pivot":{"x":-0.06495943665504456,"y":0.01844961754977703,"z":0.21254926919937135},"rotation":{"x":-0.1153484433889389,"y":0.6974323987960815,"z":-0.11527878046035767,"w":-0.6978523135185242},"size":3.1286888122558595,"orthographic":false}